Workbook

Sheet raw
B1: 2008 | C1: 2009 | D1: 2010 | E1: 2011 | F1: 2012 | G1: 2013 | H1: 2014 | I1: 2015 | J1: 2016 | K1: 2017 | L1: 2018 | M1: 2019 | N1: 2020
A2: Jan | B2: -6315 | C2: 6073 | D2: 6591 | E2: 253 | F2: -193 | G2: -1016 | H2: -682 | I2: -3891 | J2: -7102 | K2: -9600 | L2: -7035 | M2: -11810 | N2: -9963
A3: Feb | B3: 2468 | C3: 10241 | D3: 8686 | E3: 8642 | F3: 9403 | G3: 6834 | H3: 8546 | I3: 5621 | J3: 4834 | K3: -1040 | L3: 1431 | M3: 600 | N3: 790
A4: Mar | B4: 5244 | C4: 13514 | D4: 12473 | E4: 12536 | F4: 12213 | G4: 8842 | H4: 5719 | I4: 5329 | J4: 4438 | K4: 2187 | L4: 1177 | M4: -891 | N4: 3050
A5: Apr | B5: 7014 | C5: 11255 | D5: 9591 | E5: 12399 | F5: 22247 | G5: 12175 | H5: 13000 | I5: 12284 | J5: 12385 | K5: 12692 | L5: 10408 | M5: 10912
A6: May | B6: 8153 | C6: 13978 | D6: 13706 | E6: 10250 | F6: 13633 | G6: 10083 | H6: 10625 | I6: 7861 | J6: 7509 | K6: 7395 | L6: 4727 | M6: 5497
A7: Jun | B7: 7252 | C7: 16869 | D7: 12442 | E7: 10401 | F7: 9623 | G7: 9129 | H7: 8371 | I7: 8164 | J7: 5255 | K7: 6854 | L7: 4303 | M7: 7075
A8: Jul | B8: 3747 | C8: 9443 | D8: 9334 | E8: 5003 | F8: 2699 | G8: 4113 | H8: 3475 | I8: 2389 | J8: 922 | K8: 118 | L8: -2706 | M8: -1737
A9: Aug | B9: 8998 | C9: 12146 | D9: 11688 | E9: 9863 | F9: 10362 | G9: 9095 | H9: 8732 | I9: 9165 | J9: 7515 | K9: 5361 | L9: 6772 | M9: 4901
A10: Sep | B10: 13391 | C10: 16535 | D10: 15950 | E10: 14256 | F10: 13343 | G10: 12491 | H10: 13135 | I10: 11818 | J10: 10852 | K10: 9904 | L10: 8662 | M10: 7477
A11: Oct | B11: 11070 | C11: 14769 | D11: 14320 | E11: 13102 | F11: 12318 | G11: 11761 | H11: 11294 | I11: 10587 | J11: 7842 | K11: 7873 | L11: 8797 | M11: 10964
A12: Nov | B12: 12780 | C12: 14281 | D12: 14934 | E12: 11513 | F12: 12400 | G12: 11881 | H12: 9054 | I12: 9449 | J12: 6988 | K12: 6466 | L12: 5402 | M12: 4964
A13: Dec | B13: 15617 | C13: 21311 | D13: 17045 | E13: 13970 | F13: 14122 | G13: 11172 | H13: 12150 | I13: 7292 | J13: 5207 | K13: 4271 | L13: 5057 | M13: 4729
B14: =SUM(B2:B13) -> 89419 | C14: =SUM(C2:C13) -> 160415 | D14: =SUM(D2:D13) -> 146760 | E14: =SUM(E2:E13) -> 122188 | F14: =SUM(F2:F13) -> 132170 | G14: =SUM(G2:G13) -> 106560 | H14: =SUM(H2:H13) -> 103419 | I14: =SUM(I2:I13) -> 86068 | ... M14: =SUM(M2:M13) -> 42681

Sheet min-max
B1: Min, 2008-2019 | C1: Max, 2008-2019 | D1: 2020
A2: Jan | B2: =MIN(raw!B2:M2) -> -11810 | C2: =MAX(raw!B2:M2) -> 6591 | D2: -9963
A3: Feb | B3: =MIN(raw!B3:M3) -> -1040 | C3: =MAX(raw!B3:M3) -> 10241 | D3: 790
A4: Mar | B4: =MIN(raw!B4:M4) -> -891 | C4: =MAX(raw!B4:M4) -> 13514 | D4: 3050
A5: Apr | B5: =MIN(raw!B5:M5) -> 7014 | C5: =MAX(raw!B5:M5) -> 22247
A6: May | B6: =MIN(raw!B6:M6) -> 4727 | C6: =MAX(raw!B6:M6) -> 13978
A7: Jun | B7: =MIN(raw!B7:M7) -> 4303 | C7: =MAX(raw!B7:M7) -> 16869
A8: Jul | B8: =MIN(raw!B8:M8) -> -2706 | C8: =MAX(raw!B8:M8) -> 9443
A9: Aug | B9: =MIN(raw!B9:M9) -> 4901 | C9: =MAX(raw!B9:M9) -> 12146
A10: Sep | B10: =MIN(raw!B10:M10) -> 7477 | C10: =MAX(raw!B10:M10) -> 16535
A11: Oct | B11: =MIN(raw!B11:M11) -> 7842 | C11: =MAX(raw!B11:M11) -> 14769
A12: Nov | B12: =MIN(raw!B12:M12) -> 4964 | C12: =MAX(raw!B12:M12) -> 14934
A13: Dec | B13: =MIN(raw!B13:M13) -> 4271 | C13: =MAX(raw!B13:M13) -> 21311

Sheet average
B1: Average, 2008-2019 | C1: 2020
A2: Jan | B2: =AVERAGE(raw!$B2:$M2) -> -2893.9167 | C2: -9963
A3: Feb | B3: =AVERAGE(raw!$B3:$M3) -> 5522.1667 | C3: 790
A4: Mar | B4: =AVERAGE(raw!$B4:$M4) -> 6898.4167 | C4: 3050
A5: Apr | B5: =AVERAGE(raw!$B5:$M5) -> 12196.833
A6: May | B6: =AVERAGE(raw!$B6:$M6) -> 9451.4167
A7: Jun | B7: =AVERAGE(raw!$B7:$M7) -> 8811.5
A8: Jul | B8: =AVERAGE(raw!$B8:$M8) -> 3066.6667
A9: Aug | B9: =AVERAGE(raw!$B9:$M9) -> 8716.5
A10: Sep | B10: =AVERAGE(raw!$B10:$M10) -> 12317.833
A11: Oct | B11: =AVERAGE(raw!$B11:$M11) -> 11224.75
A12: Nov | B12: =AVERAGE(raw!$B12:$M12) -> 10009.333
A13: Dec | B13: =AVERAGE(raw!$B13:$M13) -> 10995.25
